[{"model": "auth.user", "pk": 1, "fields": {"password": "pbkdf2_sha256$870000$hsEJPin5G3NsvVqb4Dsc1b$uANH97YLVxx/XA5akOAEQQUEsM9bJKuRHXz7+4O4zTY=", "last_login": "2025-05-31T17:47:15.984Z", "is_superuser": true, "username": "ktank", "first_name": "", "last_name": "", "email": "tankkarishma@gmail.com", "is_staff": true, "is_active": true, "date_joined": "2025-03-23T17:16:27.905Z", "groups": [], "user_permissions": []}}, {"model": "auth.user", "pk": 2, "fields": {"password": "pbkdf2_sha256$870000$WUeLvYafKmhF61MgTuEGuK$Oznju9c/TzWp8a4Z0kI0IuhxScdAPHasvXLWx5T70/g=", "last_login": "2025-05-08T22:23:22.826Z", "is_superuser": false, "username": "test_user", "first_name": "Test", "last_name": "User", "email": "kt4nk95@gmail.com", "is_staff": false, "is_active": true, "date_joined": "2025-03-23T18:02:07Z", "groups": [], "user_permissions": []}}, {"model": "auth.user", "pk": 3, "fields": {"password": "pbkdf2_sha256$870000$vlWPPHn8NDL5LUtcQCSosb$Jhrhk9iobj7HGgYR3ig8t4RtcQM49WjYF6VxCd3QZY4=", "last_login": "2025-03-26T13:32:00Z", "is_superuser": false, "username": "test_user2", "first_name": "Test2", "last_name": "User2", "email": "random_email_2@email.com", "is_staff": false, "is_active": true, "date_joined": "2025-03-23T19:43:51Z", "groups": [], "user_permissions": []}}, {"model": "auth.user", "pk": 4, "fields": {"password": "pbkdf2_sha256$870000$niyztxxID06yNIS91mWxSd$LqcMRDOUKswkH9XzfrbdmOMaLs/JoH5sjWuWc6CDjEw=", "last_login": "2025-05-25T02:26:29.656Z", "is_superuser": false, "username": "mentor1_email@email.com", "first_name": "Test", "last_name": "Mentor", "email": "mentor1_email@email.com", "is_staff": false, "is_active": true, "date_joined": "2025-03-27T14:30:50.985Z", "groups": [], "user_permissions": []}}, {"model": "auth.user", "pk": 7, "fields": {"password": "pbkdf2_sha256$870000$LyaJwhBfCmfG0HdKmHJEm4$wDmlUY9AoOdC5r/JzQgdaJ5d3eSanMFPpJ8zm43m6To=", "last_login": "2025-06-14T22:45:59.034Z", "is_superuser": false, "username": "mentee1_email@email.com", "first_name": "Test1", "last_name": "Mentee", "email": "mentee1_email@email.com", "is_staff": false, "is_active": true, "date_joined": "2025-03-27T14:56:48.798Z", "groups": [], "user_permissions": []}}, {"model": "auth.user", "pk": 8, "fields": {"password": "pbkdf2_sha256$870000$8BCkinZprYXK7eeqZTz7Zl$buAMowsNn/TMr3shH7jC5Bnt4r51uepVxB9TIudqau0=", "last_login": "2025-05-24T12:04:53.282Z", "is_superuser": false, "username": "mentee2_email@email.com", "first_name": "Test2", "last_name": "Mentee", "email": "mentee2_email@email.com", "is_staff": false, "is_active": true, "date_joined": "2025-03-29T16:03:34.720Z", "groups": [], "user_permissions": []}}, {"model": "auth.user", "pk": 9, "fields": {"password": "pbkdf2_sha256$870000$Ppa8oc4wuktF3H3ROlbGE4$Kjc3TkZ9Qh5NrNX536+0/veDGPcbWjoN8vu+pxUx5Oo=", "last_login": "2025-06-14T22:46:44.545Z", "is_superuser": false, "username": "admin1_email@email.com", "first_name": "Test", "last_name": "Admin", "email": "admin1_email@email.com", "is_staff": false, "is_active": true, "date_joined": "2025-04-20T13:39:50.421Z", "groups": [], "user_permissions": []}}, {"model": "auth.user", "pk": 10, "fields": {"password": "pbkdf2_sha256$870000$s7LhWXXXgOiL60IOj1RiqK$j3tbLqa76hZimpSzeseStzgBDKLeiTh14mGtlNKj0Oc=", "last_login": "2025-05-08T14:25:24.786Z", "is_superuser": true, "username": "apexadmin", "first_name": "", "last_name": "", "email": "", "is_staff": true, "is_active": true, "date_joined": "2025-05-08T14:23:18.486Z", "groups": [], "user_permissions": []}}, {"model": "auth.user", "pk": 11, "fields": {"password": "pbkdf2_sha256$870000$KO0pO1nMB0rf22ZcRXeRq7$pR9Il3mVxwZyQpwG1LhjNmpKlZc4anFdO+KVow8V8js=", "last_login": "2025-05-24T12:28:19.362Z", "is_superuser": false, "username": "mentor2_email@email.com", "first_name": "Test2", "last_name": "Mentor2", "email": "mentor2_email@email.com", "is_staff": false, "is_active": true, "date_joined": "2025-05-24T12:20:29.231Z", "groups": [], "user_permissions": []}}, {"model": "auth.user", "pk": 12, "fields": {"password": "pbkdf2_sha256$870000$SWexGr0C9B0jEZiMyukseC$B10VrR2aRk0EB1u1vlv+XYpvVowrS/49kjdKKa6L9lw=", "last_login": "2025-05-24T12:27:44.597Z", "is_superuser": false, "username": "mentee3_email@email.com", "first_name": "Test3", "last_name": "Mentee3", "email": "mentee3_email@email.com", "is_staff": false, "is_active": true, "date_joined": "2025-05-24T12:21:53.082Z", "groups": [], "user_permissions": []}}, {"model": "tasks.platformtemplate", "pk": 1, "fields": {"name": "common_app", "category": "school"}}, {"model": "tasks.platformtemplate", "pk": 2, "fields": {"name": "questbridge", "category": "school"}}, {"model": "tasks.platformtemplate", "pk": 3, "fields": {"name": "suny", "category": "school"}}, {"model": "tasks.platformtemplate", "pk": 4, "fields": {"name": "cuny", "category": "school"}}, {"model": "tasks.platformtemplatetodo", "pk": 1, "fields": {"name": "Finish activity list", "platform": 1, "tags": "activities,application"}}, {"model": "tasks.platformtemplatetodo", "pk": 2, "fields": {"name": "Enter transcript grades and current courses", "platform": 1, "tags": "application,transcript"}}, {"model": "tasks.platformtemplatetodo", "pk": 3, "fields": {"name": "Submit test scores, if required", "platform": 1, "tags": "application,test_scores"}}, {"model": "tasks.platformtemplatetodo", "pk": 4, "fields": {"name": "Finish personal essay", "platform": 1, "tags": "application,writing,story"}}, {"model": "tasks.platformtemplatetodo", "pk": 5, "fields": {"name": "Finish activity list", "platform": 2, "tags": "activities,application"}}, {"model": "tasks.platformtemplatetodo", "pk": 6, "fields": {"name": "Enter transcript grades and current courses", "platform": 2, "tags": "application,transcript"}}, {"model": "tasks.platformtemplatetodo", "pk": 7, "fields": {"name": "Submit test scores, if required", "platform": 2, "tags": "application,test_scores"}}, {"model": "tasks.platformtemplatetodo", "pk": 8, "fields": {"name": "Finish personal statement (biographical essay)", "platform": 2, "tags": "application,writing,story"}}, {"model": "tasks.platformtemplatetodo", "pk": 9, "fields": {"name": "Finish topical essay", "platform": 2, "tags": "application,writing"}}, {"model": "tasks.platformtemplatetodo", "pk": 10, "fields": {"name": "Submit family financial background info", "platform": 2, "tags": "application"}}, {"model": "tasks.platformtemplatetodo", "pk": 11, "fields": {"name": "Request letter of recommendation #1", "platform": 2, "tags": "application,lor"}}, {"model": "tasks.platformtemplatetodo", "pk": 12, "fields": {"name": "Request letter of recommendation #2", "platform": 2, "tags": "application,lor"}}, {"model": "tasks.platformtemplatetodo", "pk": 13, "fields": {"name": "Request letters of recommendation", "platform": 1, "tags": "application,lor"}}, {"model": "tasks.platformtemplatetodo", "pk": 14, "fields": {"name": "Enter transcript grades and current courses", "platform": 3, "tags": "application,transcript"}}, {"model": "tasks.platformtemplatetodo", "pk": 15, "fields": {"name": "Submit test scores, if required", "platform": 3, "tags": "application,test_scores"}}, {"model": "tasks.platformtemplatetodo", "pk": 16, "fields": {"name": "Finish activity list", "platform": 3, "tags": "activities,application"}}, {"model": "tasks.platformtemplatetodo", "pk": 17, "fields": {"name": "Finish essay section", "platform": 3, "tags": "application,writing"}}, {"model": "tasks.platformtemplatetodo", "pk": 18, "fields": {"name": "Finish personal statement", "platform": 3, "tags": "application,writing"}}, {"model": "tasks.platformtemplatetodo", "pk": 19, "fields": {"name": "Request letters of recommendation", "platform": 3, "tags": "application,lor"}}, {"model": "tasks.platformtemplatetodo", "pk": 20, "fields": {"name": "Enter transcript grades and current courses", "platform": 4, "tags": "application,transcript"}}, {"model": "tasks.platformtemplatetodo", "pk": 21, "fields": {"name": "Submit test scores, if required", "platform": 4, "tags": "application,test_scores"}}, {"model": "tasks.platformtemplatesubmission", "pk": 1, "fields": {"user": 7, "platform_template": 1}}, {"model": "tasks.platformtemplatesubmission", "pk": 2, "fields": {"user": 7, "platform_template": 3}}, {"model": "tasks.application", "pk": 2, "fields": {"user": 7, "name": "Common App", "category": "school", "notes": "", "status": "in_progress", "platform_template": 1}}, {"model": "tasks.application", "pk": 3, "fields": {"user": 7, "name": "SUNY", "category": "school", "notes": "", "status": "in_progress", "platform_template": 3}}, {"model": "tasks.application", "pk": 4, "fields": {"user": 7, "name": "University of Pennsylvania", "category": "school", "notes": "Early decision application", "status": "in_progress", "platform_template": 1}}, {"model": "tasks.todo", "pk": 3, "fields": {"user": 7, "name": "Finish activity list", "description": "", "due_date": null, "completed": false, "tags": "activities,application", "application": 2}}, {"model": "tasks.todo", "pk": 4, "fields": {"user": 7, "name": "Enter transcript grades and current courses", "description": "", "due_date": null, "completed": false, "tags": "application,transcript", "application": 2}}, {"model": "tasks.todo", "pk": 5, "fields": {"user": 7, "name": "Submit test scores, if required", "description": "", "due_date": null, "completed": false, "tags": "application,test_scores", "application": 2}}, {"model": "tasks.todo", "pk": 6, "fields": {"user": 7, "name": "Finish personal essay", "description": "", "due_date": null, "completed": false, "tags": "application,writing,story", "application": 2}}, {"model": "tasks.todo", "pk": 7, "fields": {"user": 7, "name": "Request letters of recommendation", "description": "", "due_date": null, "completed": false, "tags": "application,lor", "application": 2}}, {"model": "tasks.todo", "pk": 8, "fields": {"user": 7, "name": "Enter transcript grades and current courses", "description": "", "due_date": null, "completed": false, "tags": "application,transcript", "application": 3}}, {"model": "tasks.todo", "pk": 9, "fields": {"user": 7, "name": "Submit test scores, if required", "description": "", "due_date": null, "completed": false, "tags": "application,test_scores", "application": 3}}, {"model": "tasks.todo", "pk": 10, "fields": {"user": 7, "name": "Finish activity list", "description": "", "due_date": null, "completed": false, "tags": "activities,application", "application": 3}}, {"model": "tasks.todo", "pk": 11, "fields": {"user": 7, "name": "Finish essay section", "description": "", "due_date": null, "completed": false, "tags": "application,writing", "application": 3}}, {"model": "tasks.todo", "pk": 12, "fields": {"user": 7, "name": "Finish personal statement", "description": "", "due_date": null, "completed": false, "tags": "application,writing", "application": 3}}, {"model": "tasks.todo", "pk": 13, "fields": {"user": 7, "name": "Request letters of recommendation", "description": "", "due_date": null, "completed": false, "tags": "application,lor", "application": 3}}, {"model": "tasks.todo", "pk": 15, "fields": {"user": 7, "name": "Supplemental essay 1", "description": "For the major I'm applying to", "due_date": "2025-11-01", "completed": false, "tags": "application,writing", "application": 4}}, {"model": "users.userprofile", "pk": 1, "fields": {"user": 4, "role": "mentor", "graduation_year": null, "interests": "Medicine", "college_attended": "ABC College", "college_major": "Biology", "experience": "I worked in a lab in high school, then went to medical school", "other": "Excited to meet all of the mentees", "mentors": []}}, {"model": "users.userprofile", "pk": 3, "fields": {"user": 7, "role": "mentee", "graduation_year": 2026, "interests": "None", "college_attended": null, "college_major": null, "experience": null, "other": "None", "mentors": [4]}}, {"model": "users.userprofile", "pk": 4, "fields": {"user": 8, "role": "mentee", "graduation_year": 2026, "interests": "None", "college_attended": null, "college_major": null, "experience": null, "other": "None", "mentors": [4]}}, {"model": "users.userprofile", "pk": 5, "fields": {"user": 9, "role": "admin", "graduation_year": null, "interests": null, "college_attended": null, "college_major": null, "experience": null, "other": null, "mentors": []}}, {"model": "users.userprofile", "pk": 6, "fields": {"user": 11, "role": "mentor", "graduation_year": null, "interests": null, "college_attended": null, "college_major": null, "experience": null, "other": null, "mentors": []}}, {"model": "users.userprofile", "pk": 7, "fields": {"user": 12, "role": "mentee", "graduation_year": 2025, "interests": "None", "college_attended": null, "college_major": null, "experience": null, "other": "None", "mentors": [11]}}, {"model": "users.allowedemail", "pk": 1, "fields": {"email": "mentee3_email@email.com", "role": "mentee"}}, {"model": "users.allowedemail", "pk": 2, "fields": {"email": "mentor2_email@email.com", "role": "mentor"}}, {"model": "chat.chatroom", "pk": 1, "fields": {"name": "Test Room", "members": [2, 4, 7]}}, {"model": "chat.chatroom", "pk": 6, "fields": {"name": "Test Room 2", "members": [2]}}, {"model": "chat.chatroom", "pk": 7, "fields": {"name": "Test Room worked on mobile!", "members": [2, 4]}}, {"model": "chat.chatroom", "pk": 8, "fields": {"name": "Private Chat - Test Mentor and Test1 Mentee", "members": [4, 7]}}, {"model": "chat.message", "pk": 1, "fields": {"user": 2, "room_name": 1, "timestamp": "2025-03-27T23:00:35.913Z", "text": "Testing 1 2 3"}}, {"model": "chat.message", "pk": 2, "fields": {"user": 4, "room_name": 1, "timestamp": "2025-03-27T23:02:39.603Z", "text": "Does this work?"}}, {"model": "chat.message", "pk": 5, "fields": {"user": 2, "room_name": 1, "timestamp": "2025-03-28T13:50:39.966Z", "text": "What does this look like?"}}, {"model": "chat.message", "pk": 6, "fields": {"user": 2, "room_name": 1, "timestamp": "2025-03-28T13:50:45.777Z", "text": "Perfect!"}}, {"model": "chat.message", "pk": 7, "fields": {"user": 2, "room_name": 1, "timestamp": "2025-03-29T14:11:14.157Z", "text": "New day, new message. What does this look like?"}}, {"model": "chat.message", "pk": 8, "fields": {"user": 2, "room_name": 1, "timestamp": "2025-04-01T21:22:05.016Z", "text": "Trying to send this message over React, let's hope it works"}}, {"model": "chat.message", "pk": 9, "fields": {"user": 2, "room_name": 1, "timestamp": "2025-04-01T21:22:54.289Z", "text": "Trying again to see what it looks like!"}}, {"model": "chat.message", "pk": 10, "fields": {"user": 2, "room_name": 1, "timestamp": "2025-04-01T21:23:34.791Z", "text": "Do I see this in the other window?"}}, {"model": "chat.message", "pk": 11, "fields": {"user": 2, "room_name": 1, "timestamp": "2025-04-01T21:23:57.565Z", "text": "What about from window 2?"}}, {"model": "chat.message", "pk": 12, "fields": {"user": 2, "room_name": 1, "timestamp": "2025-04-02T20:06:15.263Z", "text": "New day, new message"}}, {"model": "chat.message", "pk": 13, "fields": {"user": 2, "room_name": 1, "timestamp": "2025-04-03T13:50:58.265Z", "text": "Scroll to bottom test"}}, {"model": "chat.message", "pk": 14, "fields": {"user": 2, "room_name": 1, "timestamp": "2025-04-03T14:10:50.049Z", "text": "Another test"}}, {"model": "chat.message", "pk": 15, "fields": {"user": 2, "room_name": 1, "timestamp": "2025-04-04T20:18:12.771Z", "text": "Hello world!"}}, {"model": "chat.message", "pk": 16, "fields": {"user": 2, "room_name": 1, "timestamp": "2025-04-04T20:18:39.177Z", "text": "Try again"}}, {"model": "chat.message", "pk": 17, "fields": {"user": 2, "room_name": 1, "timestamp": "2025-04-04T20:40:02.310Z", "text": "Hello!"}}, {"model": "chat.message", "pk": 18, "fields": {"user": 2, "room_name": 6, "timestamp": "2025-04-05T01:19:28.937Z", "text": "Hello!"}}, {"model": "chat.message", "pk": 19, "fields": {"user": 2, "room_name": 1, "timestamp": "2025-04-05T01:19:52.991Z", "text": "Test"}}, {"model": "chat.message", "pk": 20, "fields": {"user": 2, "room_name": 1, "timestamp": "2025-04-06T20:58:08.049Z", "text": "Testing out the emoji 😀"}}, {"model": "chat.message", "pk": 21, "fields": {"user": 2, "room_name": 7, "timestamp": "2025-04-10T18:27:46.542Z", "text": "Hello! This is on mobile view from Chrome dev tools!"}}, {"model": "chat.message", "pk": 22, "fields": {"user": 4, "room_name": 8, "timestamp": "2025-04-16T01:33:12.917Z", "text": "I created this chat from the directory!"}}, {"model": "chat.message", "pk": 23, "fields": {"user": 7, "room_name": 8, "timestamp": "2025-05-09T12:14:27.398Z", "text": "Checking that this works using the new Redis URL"}}, {"model": "chat.message", "pk": 24, "fields": {"user": 7, "room_name": 8, "timestamp": "2025-05-14T00:57:40.374Z", "text": "Test after reinstalling VS Code + Docker"}}, {"model": "workshops.workshopmaterial", "pk": 1, "fields": {"name": "Hero Stories", "number": 6, "description": "This workshop will allow us to practice writing our \"hero stories\" using the CAR framework. These stories will help us practice highlighting our positive traits in a story that's easy for others to understand our actions and ultimate impact.", "grade": 11, "google_doc_id": "1ynAOvX-tHbVI9RidhUMpimQ1r_HX9bv5-oGN13JieKs", "visible": false}}, {"model": "workshops.workshopmaterial", "pk": 3, "fields": {"name": "XYZ", "number": 1, "description": "Placeholder with edit test", "grade": 12, "google_doc_id": "", "visible": false}}, {"model": "calendar_app.calendarevent", "pk": 3, "fields": {"name": "Test event", "description": "Just a test!", "start": "2025-05-23T04:00:00Z", "end": null, "category": "general", "isAllDay": true, "creator": 7, "participants": [7]}}, {"model": "calendar_app.calendarevent", "pk": 4, "fields": {"name": "Another test", "description": "Testing dragging on week mode", "start": "2025-05-23T14:00:00Z", "end": "2025-05-23T16:00:00Z", "category": "general", "isAllDay": false, "creator": 7, "participants": [7]}}, {"model": "calendar_app.calendarevent", "pk": 7, "fields": {"name": "Test with participants", "description": "", "start": "2025-06-06T04:00:00Z", "end": null, "category": "general", "isAllDay": true, "creator": 7, "participants": [7, 8, 12]}}]